﻿{
	"certificates": [
		{
            "CertNumber": "1",
			"DateOfIssue" : "01012018",
            "CustomerCode": "1000"           
        },
        {
            "CertNumber": "2",
			"DateOfIssue": "02022018",
			"CustomerCode": "1000"           
        },
		{
            "CertNumber": "31",
			"DateOfIssue": "04042019",
            "CustomerCode": "1001"           
        },
        {
            "CertNumber": "4",
			"DateOfIssue": "05052019",
			"CustomerCode": "1001"           
        }
	]
}